Name,Age,Cookie,Banner_id
John Doe,25,26555324-53df-4eb1-8835-e6c0078bb2c0,15
Jane Smith,30,8f7d3a2e-1b4c-9d6e-7f8a-3b2c1d4e5f6a,42
Michael Johnson,45,1a2b3c4d-5e6f-7g8h-9i0j-1k2l3m4n5o6p,78
Sarah Wilson,22,9z8y7x6w-5v4u-3t2s-1r0q-9p8o7n6m5l4k,3
David Brown,35,2b3c4d5e-6f7g-8h9i-0j1k-2l3m4n5o6p7q,67
Emily Davis,28,3c4d5e6f-7g8h-9i0j-1k2l-3m4n5o6p7q8r,91
Robert Miller,40,4d5e6f7g-8h9i-0j1k-2l3m-4n5o6p7q8r9s,24
Lisa Anderson,33,5e6f7g8h-9i0j-1k2l-3m4n-5o6p7q8r9s0t,56
James Taylor,27,6f7g8h9i-0j1k-2l3m-4n5o-6p7q8r9s0t1u,88
Amanda White,31,7g8h9i0j-1k2l-3m4n-5o6p-7q8r9s0t1u2v,12
John Doe,25,26555324-53df-4eb1-8835-e6c0078bb2c0,15
Jane_Smith,30,8f7d3a2e-1b4c-9d6e-7f8a-3b2c1d4e5f6a,42
Michael Johnson,17,1a2b3c4d-5e6f-7g8h-9i0j-1k2l3m4n5o6p,78
Sarah Wilson,22,9z8y7x6w-5v4u-3t2s-1r0q-9p8o7n6m5l4k,3
David Brown,35,2b3c4d5e-6f7g-8h9i-0j1k-2l3m4n5o6p7q,67
Emily Davis,28,3c4d5e6f-7g8h-9i0j-1k2l-3m4n5o6p7q8r,91
Robert Miller,40,4d5e6f7g-8h9i-0j1k-2l3m-4n5o6p7q8r9s,24
Lisa Anderson,33,5e6f7g8h-9i0j-1k2l-3m4n-5o6p7q8r9s0t,56
James Taylor,27,6f7g8h9i-0j1k-2l3m-4n5o-6p7q8r9s0t1u,88
Amanda White,31,7g8h9i0j-1k2l-3m4n-5o6p-7q8r9s0t1u2v,12
Invalid Name!,45,8h9i0j1k-2l3m-4n5o-6p7q-8r9s0t1u2v3w,105
John123,20,9i0j1k2l-3m4n-5o6p-7q8r-9s0t1u2v3w4x,50
Mary Johnson,16,0j1k2l3m-4n5o-6p7q-8r9s-0t1u2v3w4x5y,75
Bob@Doe,38,1k2l3m4n-5o6p-7q8r-9s0t-1u2v3w4x5y6z,99